ms	offset	bytes
# [2026-10-06T22:18:27] salt-okunur kayit: auto 115200 8N1 -> C:\Appdev\q11\logs\boot_02.log
# [2026-10-06T22:18:31] COM8 acildi
# [2026-10-06T22:18:37] hat 10 sn sessiz kaldi, yeni veri bekleniyor
75877	0	1
75881	1	63
# [2026-10-06T22:19:43] veri akisi basladi
75883	64	32
75884	96	1
75884	97	31
75888	128	1
75889	129	25
76036	154	1
76037	155	31
76040	186	1
76040	187	31
76043	218	1
76043	219	31
76045	250	1
76045	251	31
76049	282	1
76049	283	25
76845	308	1
76845	309	31
76848	340	1
76848	341	31
76850	372	1
76851	373	31
76853	404	1
76853	405	31
76856	436	1
76856	437	31
76858	468	1
76859	469	31
76861	500	1
76861	501	13
76866	514	1
76866	515	31
76869	546	1
76870	547	31
76872	578	1
76872	579	31
76875	610	1
76875	611	31
76879	642	1
76879	643	24
77373	667	1
77373	668	31
77375	699	1
77376	700	31
77377	731	1
77378	732	31
77381	763	1
77381	764	21
77949	785	1
77949	786	31
77953	817	1
77953	818	31
77955	849	1
77955	850	31
77958	881	1
77958	882	31
77960	913	1
77960	914	31
77964	945	1
77964	946	31
77967	977	1
77967	978	31
77968	1009	1
77969	1010	31
77972	1041	1
77972	1042	31
77974	1073	1
77975	1074	19
78871	1093	1
78871	1094	31
78874	1125	1
78874	1126	31
78877	1157	1
78877	1158	31
78880	1189	1
78880	1190	31
78883	1221	1
78883	1222	31
78885	1253	1
78885	1254	31
78889	1285	1
78889	1286	31
78891	1317	1
78892	1318	31
78894	1349	1
78894	1350	31
78897	1381	1
78898	1382	31
78899	1413	1
78899	1414	31
78902	1445	1
78902	1446	31
78905	1477	1
78906	1478	31
78908	1509	1
78908	1510	31
78910	1541	1
78911	1542	31
78913	1573	1
78913	1574	31
78916	1605	1
78917	1606	31
78917	1637	1
78948	1638	1
78948	1639	31
78952	1670	1
78952	1671	31
78954	1702	1
78954	1703	31
78957	1734	1
78957	1735	31
78961	1766	1
78961	1767	25
79779	1792	1
79780	1793	31
79781	1824	1
79781	1825	31
79785	1856	1
79785	1857	31
79788	1888	1
79788	1889	21
79878	1910	1
79878	1911	31
79881	1942	1
79881	1943	31
79883	1974	1
79884	1975	31
79886	2006	1
79886	2007	31
79890	2038	1
79890	2039	25
80038	2064	1
80038	2065	31
80041	2096	1
80042	2097	31
80044	2128	1
80045	2129	31
80047	2160	1
80047	2161	31
80051	2192	1
80051	2193	25
80845	2218	1
80845	2219	31
80848	2250	1
80848	2251	31
80850	2282	1
80851	2283	31
80854	2314	1
80854	2315	31
80856	2346	1
80857	2347	31
80858	2378	1
80859	2379	31
80862	2410	1
80862	2411	31
80864	2442	1
80865	2443	31
80867	2474	1
80867	2475	31
80870	2506	1
80871	2507	31
80872	2538	1
80872	2539	31
80876	2570	1
80876	2571	31
80878	2602	1
80879	2603	31
80881	2634	1
80881	2635	31
80884	2666	1
80885	2667	31
80886	2698	1
80886	2699	31
80890	2730	1
80890	2731	31
80890	2762	1
81038	2763	1
81039	2764	31
81041	2795	1
81042	2796	31
81044	2827	1
81045	2828	31
81046	2859	1
81046	2860	31
81051	2891	1
81051	2892	25
81950	2917	1
81950	2918	31
81953	2949	1
81954	2950	31
81955	2981	1
81955	2982	31
81959	3013	1
81959	3014	31
81962	3045	1
81962	3046	31
81963	3077	1
81964	3078	31
81967	3109	1
81968	3110	31
81969	3141	1
81970	3142	31
81973	3173	1
81973	3174	31
81976	3205	1
81977	3206	19
82185	3225	1
82185	3226	31
82188	3257	1
82189	3258	31
82192	3289	1
82192	3290	31
82194	3321	1
82194	3322	21
82872	3343	1
82873	3344	31
82875	3375	1
82876	3376	31
82878	3407	1
82879	3408	31
82881	3439	1
82881	3440	31
82884	3471	1
82884	3472	31
82886	3503	1
82886	3504	31
82889	3535	1
82890	3536	31
82892	3567	1
82893	3568	31
82895	3599	1
82895	3600	31
82898	3631	1
82898	3632	31
82900	3663	1
82900	3664	31
82903	3695	1
82903	3696	31
82906	3727	1
82906	3728	31
82909	3759	1
82909	3760	31
82912	3791	1
82912	3792	31
82914	3823	1
82914	3824	31
82916	3855	1
82917	3856	31
82918	3887	1
82949	3888	1
82949	3889	31
82953	3920	1
82953	3921	31
82956	3952	1
82956	3953	31
82957	3984	1
82958	3985	31
82961	4016	1
82961	4017	25
83878	4042	1
83878	4043	31
83881	4074	1
83881	4075	31
83884	4106	1
83884	4107	31
83887	4138	1
83887	4139	31
83890	4170	1
83890	4171	25
84039	4196	1
84040	4197	31
84042	4228	1
84042	4229	31
84044	4260	1
84045	4261	31
84047	4292	1
84047	4293	31
84051	4324	1
84051	4325	25
84592	4350	1
84592	4351	31
84595	4382	1
84596	4383	31
84597	4414	1
84597	4415	31
84600	4446	1
84600	4447	21
84846	4468	1
84846	4469	31
84848	4500	1
84849	4501	31
84852	4532	1
84852	4533	31
84854	4564	1
84855	4565	31
84858	4596	1
84858	4597	31
84860	4628	1
84860	4629	31
84863	4660	1
84863	4661	31
84865	4692	1
84866	4693	31
84869	4724	1
84869	4725	31
84871	4756	1
84872	4757	31
84874	4788	1
84874	4789	31
84877	4820	1
84877	4821	31
84880	4852	1
84880	4853	31
84882	4884	1
84882	4885	31
84885	4916	1
84886	4917	31
84888	4948	1
84888	4949	31
84891	4980	1
84891	4981	31
84891	5012	1
85040	5013	1
85040	5014	31
85043	5045	1
85043	5046	31
85046	5077	1
85046	5078	31
85048	5109	1
85048	5110	31
85052	5141	1
85052	5142	25
85951	5167	1
85951	5168	31
85954	5199	1
85954	5200	31
85957	5231	1
85957	5232	31
85959	5263	1
85959	5264	31
85963	5295	1
85963	5296	31
85965	5327	1
85965	5328	31
85968	5359	1
85968	5360	31
85971	5391	1
85977	5392	83
86874	5475	1
86874	5476	31
86876	5507	1
86876	5508	31
86879	5539	1
86879	5540	31
86882	5571	1
86882	5572	31
86884	5603	1
86884	5604	31
86888	5635	1
86888	5636	31
86890	5667	1
86890	5668	31
86893	5699	1
86893	5700	31
86895	5731	1
86896	5732	31
86898	5763	1
86898	5764	31
86902	5795	1
86902	5796	31
86904	5827	1
86904	5828	31
86907	5859	1
86907	5860	31
86909	5891	1
86910	5892	31
86912	5923	1
86912	5924	31
86916	5955	1
86916	5956	31
86918	5987	1
86918	5988	31
86919	6019	1
86950	6020	1
86951	6021	31
86953	6052	1
86953	6053	31
86957	6084	1
86957	6085	31
86959	6116	1
86959	6117	31
86963	6148	1
86963	6149	25
86999	6174	1
87000	6175	31
87001	6206	1
87001	6207	31
87004	6238	1
87004	6239	31
87007	6270	1
87007	6271	21
87881	6292	1
87881	6293	31
87882	6324	1
87883	6325	31
87886	6356	1
87886	6357	31
87888	6388	1
87889	6389	31
87892	6420	1
87892	6421	25
88041	6446	1
88042	6447	31
88043	6478	1
88043	6479	31
88046	6510	1
88046	6511	31
88049	6542	1
88049	6543	31
88053	6574	1
88053	6575	25
88846	6600	1
88846	6601	31
88849	6632	1
88849	6633	31
88851	6664	1
88852	6665	31
88854	6696	1
88854	6697	31
88857	6728	1
88857	6729	31
88860	6760	1
88860	6761	31
88862	6792	1
88863	6793	31
88865	6824	1
88865	6825	31
88868	6856	1
88868	6857	31
88871	6888	1
88871	6889	31
88873	6920	1
88874	6921	31
88876	6952	1
88877	6953	31
88880	6984	1
88880	6985	31
88882	7016	1
88883	7017	31
88885	7048	1
88885	7049	31
88888	7080	1
88888	7081	31
88891	7112	1
88891	7113	31
88892	7144	1
89042	7145	1
89042	7146	31
89044	7177	1
89044	7178	31
89047	7209	1
89047	7210	31
89049	7241	1
89050	7242	31
89053	7273	1
89053	7274	25
89405	7299	1
89405	7300	31
89408	7331	1
89408	7332	31
89410	7363	1
89411	7364	31
89414	7395	1
89414	7396	21
89953	7417	1
89953	7418	31
89955	7449	1
89955	7450	31
89958	7481	1
89958	7482	31
89961	7513	1
89961	7514	31
89964	7545	1
89964	7546	31
89966	7577	1
89967	7578	31
89969	7609	1
89969	7610	31
89972	7641	1
89972	7642	31
89975	7673	1
89975	7674	31
89978	7705	1
89978	7706	19
90876	7725	1
90876	7726	31
90878	7757	1
90878	7758	31
90881	7789	1
90881	7790	31
90883	7821	1
90883	7822	31
90886	7853	1
90887	7854	31
90890	7885	1
90890	7886	31
90891	7917	1
90891	7918	31
90895	7949	1
90895	7950	31
90897	7981	1
90897	7982	31
90900	8013	1
90900	8014	31
90903	8045	1
90904	8046	31
90905	8077	1
90905	8078	31
90908	8109	1
90908	8110	31
90911	8141	1
90911	8142	31
90914	8173	1
90914	8174	31
90917	8205	1
90918	8206	31
90919	8237	1
90919	8238	31
90921	8269	1
90952	8270	1
90953	8271	31
90955	8302	1
90955	8303	31
90958	8334	1
90958	8335	31
90960	8366	1
90960	8367	31
90964	8398	1
90965	8399	25
91812	8424	1
91812	8425	31
91814	8456	1
91814	8457	31
91817	8488	1
91817	8489	31
91821	8520	1
91821	8521	21
91881	8542	1
91882	8543	31
91884	8574	1
91885	8575	31
91887	8606	1
91887	8607	31
91890	8638	1
91890	8639	31
91893	8670	1
91893	8671	25
92042	8696	1
92043	8697	31
92045	8728	1
92045	8729	31
92048	8760	1
92048	8761	31
92050	8792	1
92051	8793	31
92054	8824	1
92054	8825	25
92847	8850	1
92847	8851	31
92849	8882	1
92850	8883	31
92852	8914	1
92852	8915	31
92855	8946	1
92855	8947	31
92858	8978	1
92858	8979	31
92860	9010	1
92861	9011	31
92863	9042	1
92863	9043	31
92866	9074	1
92866	9075	31
92869	9106	1
92869	9107	31
92872	9138	1
92872	9139	31
92874	9170	1
92875	9171	31
92877	9202	1
92877	9203	31
92881	9234	1
92881	9235	31
92884	9266	1
92884	9267	31
92886	9298	1
92887	9299	31
92889	9330	1
92889	9331	31
92892	9362	1
92892	9363	31
92893	9394	1
93042	9395	1
93043	9396	31
93045	9427	1
93046	9428	31
93048	9459	1
93048	9460	31
93050	9491	1
93051	9492	31
93054	9523	1
93054	9524	25
93954	9549	1
93954	9550	31
93957	9581	1
93958	9582	31
93960	9613	1
93961	9614	31
93962	9645	1
93962	9646	31
93966	9677	1
93966	9678	31
93968	9709	1
93968	9710	31
93971	9741	1
93971	9742	31
93974	9773	1
93974	9774	31
93976	9805	1
93976	9806	31
93980	9837	1
93980	9838	19
94218	9857	1
94218	9858	31
94221	9889	1
94221	9890	31
94224	9921	1
94225	9922	31
94228	9953	1
94228	9954	21
94876	9975	1
94876	9976	31
94879	10007	1
94880	10008	31
94882	10039	1
94882	10040	31
94884	10071	1
94885	10072	31
94887	10103	1
94887	10104	31
94890	10135	1
94890	10136	31
94893	10167	1
94893	10168	31
94895	10199	1
94896	10200	31
94898	10231	1
94898	10232	31
94901	10263	1
94901	10264	31
94904	10295	1
94904	10296	31
94907	10327	1
94907	10328	31
94909	10359	1
94909	10360	31
94912	10391	1
94913	10392	31
94915	10423	1
94916	10424	31
94918	10455	1
94918	10456	31
94920	10487	1
94921	10488	31
94922	10519	1
94953	10520	1
94953	10521	31
94956	10552	1
94956	10553	31
94958	10584	1
94958	10585	31
94961	10616	1
94961	10617	31
94965	10648	1
94965	10649	25
95883	10674	1
95883	10675	31
95885	10706	1
95886	10707	31
95888	10738	1
95888	10739	31
95891	10770	1
95892	10771	31
95895	10802	1
95895	10803	25
96044	10828	1
96044	10829	31
96046	10860	1
96046	10861	31
96049	10892	1
96049	10893	31
96052	10924	1
96052	10925	31
96055	10956	1
96055	10957	25
96625	10982	1
96625	10983	31
96628	11014	1
96629	11015	31
96630	11046	1
96630	11047	31
96633	11078	1
96633	11079	21
96848	11100	1
96849	11101	31
96851	11132	1
96851	11133	31
96854	11164	1
96854	11165	31
96857	11196	1
96857	11197	31
96859	11228	1
96859	11229	31
96862	11260	1
96863	11261	31
96864	11292	1
96865	11293	31
96867	11324	1
96867	11325	31
96871	11356	1
96871	11357	31
96873	11388	1
96873	11389	31
96876	11420	1
96876	11421	31
96878	11452	1
96879	11453	31
96880	11484	1
96880	11485	6
96884	11491	1
96884	11492	31
96886	11523	1
96886	11524	31
96889	11555	1
96889	11556	31
96892	11587	1
96892	11588	31
96895	11619	1
96895	11620	25
97044	11645	1
97045	11646	31
97046	11677	1
97046	11678	31
97050	11709	1
97050	11710	31
97052	11741	1
97052	11742	31
97056	11773	1
97056	11774	25
97955	11799	1
97955	11800	31
97958	11831	1
97958	11832	31
97961	11863	1
97961	11864	31
97964	11895	1
97964	11896	31
97966	11927	1
97966	11928	31
97969	11959	1
97969	11960	31
97972	11991	1
97972	11992	31
97975	12023	1
97975	12024	31
97977	12055	1
97978	12056	31
97980	12087	1
97981	12088	19
98878	12107	1
98878	12108	31
98880	12139	1
98880	12140	31
98883	12171	1
98883	12172	31
98886	12203	1
98887	12204	31
98889	12235	1
98889	12236	31
98891	12267	1
98891	12268	31
98894	12299	1
98894	12300	31
98897	12331	1
98897	12332	31
98900	12363	1
98900	12364	31
98902	12395	1
98903	12396	31
98905	12427	1
98905	12428	31
98908	12459	1
98908	12460	31
98911	12491	1
98911	12492	31
98914	12523	1
98914	12524	31
98916	12555	1
98916	12556	31
98919	12587	1
98919	12588	31
98922	12619	1
98922	12620	31
98923	12651	1
98954	12652	1
98955	12653	31
98957	12684	1
98957	12685	31
98960	12716	1
98960	12717	31
98963	12748	1
98963	12749	31
98966	12780	1
98966	12781	25
99032	12806	1
99032	12807	31
99034	12838	1
99034	12839	31
99037	12870	1
99037	12871	31
99040	12902	1
99040	12903	21
99885	12924	1
99885	12925	31
99887	12956	1
99887	12957	31
99890	12988	1
99890	12989	31
99893	13020	1
99894	13021	31
99896	13052	1
99897	13053	25
100045	13078	1
100045	13079	31
100048	13110	1
100048	13111	31
100050	13142	1
100050	13143	31
100053	13174	1
100053	13175	31
100057	13206	1
100057	13207	25
100848	13232	1
100849	13233	31
100851	13264	1
100851	13265	31
100854	13296	1
100854	13297	31
100857	13328	1
100857	13329	31
100860	13360	1
100860	13361	31
100862	13392	1
100863	13393	31
100865	13424	1
100865	13425	31
100868	13456	1
100869	13457	31
100871	13488	1
100871	13489	31
100873	13520	1
100874	13521	31
100876	13552	1
100876	13553	31
100879	13584	1
100879	13585	31
100881	13616	1
100881	13617	6
100884	13623	1
100885	13624	31
100887	13655	1
100887	13656	31
100890	13687	1
100890	13688	31
100893	13719	1
100893	13720	31
100896	13751	1
100897	13752	25
101045	13777	1
101045	13778	31
101048	13809	1
101048	13810	31
101051	13841	1
101051	13842	31
101053	13873	1
101053	13874	31
101057	13905	1
101057	13906	25
101438	13931	1
101438	13932	31
101440	13963	1
101441	13964	31
101443	13995	1
101443	13996	31
101446	14027	1
101447	14028	21
101957	14049	1
101957	14050	31
101960	14081	1
101960	14082	31
101963	14113	1
101964	14114	31
101965	14145	1
101965	14146	31
101968	14177	1
101968	14178	31
101971	14209	1
101971	14210	31
101974	14241	1
101974	14242	31
101977	14273	1
101978	14274	31
101979	14305	1
101979	14306	31
101983	14337	1
101983	14338	19
102880	14357	1
102880	14358	31
102882	14389	1
102882	14390	31
102885	14421	1
102886	14422	31
102888	14453	1
102888	14454	31
102890	14485	1
102890	14486	31
102894	14517	1
102894	14518	31
102896	14549	1
102896	14550	31
102899	14581	1
102900	14582	31
102902	14613	1
102902	14614	31
102904	14645	1
102904	14646	31
102908	14677	1
102908	14678	31
102910	14709	1
102910	14710	31
102913	14741	1
102913	14742	31
102916	14773	1
102916	14774	31
102918	14805	1
102918	14806	31
102922	14837	1
102922	14838	31
102923	14869	1
102924	14870	31
102925	14901	1
102956	14902	1
102957	14903	31
102959	14934	1
102959	14935	31
102962	14966	1
102962	14967	31
102964	14998	1
102965	14999	31
102968	15030	1
102968	15031	25
103844	15056	1
103844	15057	31
103847	15088	1
103847	15089	31
103850	15120	1
103850	15121	31
103854	15152	1
103854	15153	21
103886	15174	1
103886	15175	31
103888	15206	1
103889	15207	31
103891	15238	1
103891	15239	31
103895	15270	1
103895	15271	31
103897	15302	1
103897	15303	25
104046	15328	1
104047	15329	31
104049	15360	1
104049	15361	31
104052	15392	1
104052	15393	31
104055	15424	1
104056	15425	31
104058	15456	1
104058	15457	25
